266C;DN
266C;UP
138;DN
138;UP
282A;DN
282A;UP
201N;DN
201N;UP
375;DN
375;UP
315;DN
315;UP
150;DN
150;UP
96E;DN
96E;UP
242B;DN
242B;UP
500D;DN
500D;UP
256M;DN
256M;UP
362C;DN
362C;UP
365;DN
365;UP
248Z;DN
248Z;UP
401BR;DN
401BR;UP
263A;DN
263A;UP
301;DN
301;UP
KBS-3C;DN
KBS-3C;UP
KBS-3E;DN
KBS-3E;UP
248;DN
248;UP
180;DN
180;UP
280A;DN
280A;UP
280F;DN
280F;UP
273H;DN
273H;UP
271E;DN
271E;UP
284D;DN
284D;UP
176;DN
176;UP
401B;DN
401B;UP
505E;DN
505E;UP
500B;DN
500B;UP
410;DN
410;UP
502H;DN
502H;UP
99B;DN
99B;UP
V-500KS;DN
V-500KS;UP
171;DN
171;UP
KIAS-9;DN
KIAS-9;UP
77E;DN
77E;UP
80A;DN
80A;UP
507A;DN
507A;UP
317E;DN
317E;UP
104;DN
104;UP
500Q;DN
500Q;UP
293P;DN
293P;UP
201-U;DN
201-U;UP
K-4;DN
K-4;UP
258;DN
258;UP
501C;DN
501C;UP
374M;DN
374M;UP
45E;DN
45E;UP
252;DN
252;UP
502K;DN
502K;UP
94B;DN
94B;UP
G-3A;DN
G-3A;UP
KIAS-8A;DN
KIAS-8A;UP
240;DN
240;UP
222;DN
222;UP
285AA;DN
285AA;UP
402G;DN
402G;UP
342Z;DN
342Z;UP
KIAS-6;DN
KIAS-6;UP
238D;DN
238D;UP
352A;DN
352A;UP
507;DN
507;UP
507B;DN
507B;UP
TR-3;DN
TR-3;UP
285MA;DN
285MA;UP
255D;DN
255D;UP
242TC;DN
242TC;UP
256F;DN
256F;UP
258K;DN
258K;UP
270A;DN
270A;UP
281C;DN
281C;UP
380C;DN
380C;UP
59A;DN
59A;UP
MF-6;DN
MF-6;UP
V-500CB;DN
V-500CB;UP
600D;DN
600D;UP
MF-5;DN
MF-5;UP
215NB;DN
215NB;UP
346K;DN
346K;UP
V-215H;DN
V-215H;UP
V-500BM;DN
V-500BM;UP
368F;DN
368F;UP
355E;DN
355E;UP
344B;DN
344B;UP
370B;DN
370B;UP
374MA;DN
374MA;UP
25;DN
25;UP
344E;DN
344E;UP
27A;DN
27A;UP
201Q;DN
201Q;UP
231G;DN
231G;UP
228;DN
228;UP
AS-8;DN
AS-8;UP
360;DN
360;UP
146;DN
146;UP
268;DN
268;UP
287K;DN
287K;UP
293E;DN
293E;UP
AS-18;DN
AS-18;UP
314H;DN
314H;UP
345;DN
345;UP
343;DN
343;UP
225D;DN
225D;UP
383;DN
383;UP
145;DN
145;UP
600FC;DN
600FC;UP
144;DN
144;UP
G-2;DN
G-2;UP
210P;DN
210P;UP
AS-1;DN
AS-1;UP
AS-15;DN
AS-15;UP
211;DN
211;UP
13G;DN
13G;UP
201S;DN
201S;UP
201MD;DN
201MD;UP
356CB;DN
356CB;UP
G-4;DN
G-4;UP
224C;DN
224C;UP
382B;DN
382B;UP
218;DN
218;UP
500DC;DN
500DC;UP
G-12;DN
G-12;UP
90E;DN
90E;UP
342J;DN
342J;UP
223L;DN
223L;UP
TR-4A;DN
TR-4A;UP
342F;DN
342F;UP
292E;DN
292E;UP
228H;DN
228H;UP
348E;DN
348E;UP
330;DN
330;UP
267;DN
267;UP
369;DN
369;UP
19E;DN
19E;UP
245K;DN
245K;UP
241;DN
241;UP
213K;DN
213K;UP
227A;DN
227A;UP
375D;DN
375D;UP
13;DN
13;UP
215;DN
215;UP
BC-6;DN
BC-6;UP
317G;DN
317G;UP
401K;DN
401K;UP
250D;DN
250D;UP
AS-12;DN
AS-12;UP
248J;DN
248J;UP
317;DN
317;UP
381C;DN
381C;UP
K-6;DN
K-6;UP
258CC;DN
258CC;UP
V-335E;DN
V-335E;UP
164;DN
164;UP
V-500D;DN
V-500D;UP
111E;DN
111E;UP
111C;DN
111C;UP
114B;DN
114B;UP
415;DN
415;UP
288C;DN
288C;UP
317V;DN
317V;UP
500F;DN
500F;UP
314A;DN
314A;UP
285B;DN
285B;UP
402;DN
402;UP
285A;DN
285A;UP
502F;DN
502F;UP
298P;DN
298P;UP
243;DN
243;UP
250B;DN
250B;UP
250AB;DN
250AB;UP
V-342F;DN
V-342F;UP
404C;DN
404C;UP
331;DN
331;UP
251;DN
251;UP
258G;DN
258G;UP
77B;DN
77B;UP
289AB;DN
289AB;UP
257;DN
257;UP
295;DN
295;UP
258E;DN
258E;UP
258CB;DN
258CB;UP
255C;DN
255C;UP
80D;DN
80D;UP
K-2;DN
K-2;UP
V-335EK;DN
V-335EK;UP
G-6;DN
G-6;UP
375J;DN
375J;UP
75D;DN
75D;UP
285E;DN
285E;UP
99A;DN
99A;UP
96B;DN
96B;UP
94E;DN
94E;UP
89A;DN
89A;UP
BC-7B;DN
BC-7B;UP
G-3;DN
G-3;UP
MBS-17;DN
MBS-17;UP
401MC;DN
401MC;UP
258TC;DN
258TC;UP
401A;DN
401A;UP
V-365J;DN
V-365J;UP
MKT-5H;DN
MKT-5H;UP
KBS-5H;DN
KBS-5H;UP
273C;DN
273C;UP
V-500K;DN
V-500K;UP
273;DN
273;UP
342H;DN
342H;UP
43H;DN
43H;UP
280;DN
280;UP
213;DN
213;UP
25C;DN
25C;UP
MKT-12HK;DN
MKT-12HK;UP
12F-5;DN
12F-5;UP
502;DN
502;UP
401M;DN
401M;UP
241S;DN
241S;UP
201;DN
201;UP
V-201R;DN
V-201R;UP
238;DN
238;UP
KIAS-8;DN
KIAS-8;UP
12F-2;DN
12F-2;UP
KIAS-7;DN
KIAS-7;UP
KIAS-12;DN
KIAS-12;UP
V-356C;DN
V-356C;UP
G-7;DN
G-7;UP
258C;DN
258C;UP
356CW;DN
356CW;UP
290;DN
290;UP
401MK;DN
401MK;UP
378;DN
378;UP
KIAS-10;DN
KIAS-10;UP
80G;DN
80G;UP
234E;DN
234E;UP
401;DN
401;UP
276;DN
276;UP
V-360B;DN
V-360B;UP
285M;DN
285M;UP
500C;DN
500C;UP
342JB;DN
342JB;UP
KBS-3A;DN
KBS-3A;UP
305;DN
305;UP
342C;DN
342C;UP
V-500CA;DN
V-500CA;UP
306S;DN
306S;UP
227F;DN
227F;UP
V-365;DN
V-365;UP
266B;DN
266B;UP
227T;DN
227T;UP
227B;DN
227B;UP
297G;DN
297G;UP
227Q;DN
227Q;UP
362D;DN
362D;UP
317P;DN
317P;UP
253K;DN
253K;UP
141;DN
141;UP
57B;DN
57B;UP
235K;DN
235K;UP
89;DN
89;UP
245GA;DN
245GA;UP
45F;DN
45F;UP
250AA;DN
250AA;UP
242PA;DN
242PA;UP
244C;DN
244C;UP
258X;DN
258X;UP
265D;DN
265D;UP
415D;DN
415D;UP
273F;DN
273F;UP
285P;DN
285P;UP
36G;DN
36G;UP
285K;DN
285K;UP
284A;DN
284A;UP
285RA;DN
285RA;UP
317N;DN
317N;UP
80R;DN
80R;UP
114G;DN
114G;UP
500AB;DN
500AB;UP
112;DN
112;UP
V-500A;DN
V-500A;UP
89E;DN
89E;UP
80;DN
80;UP
12;DN
12;UP
3F-1;DN
3F-1;UP
501A;DN
501A;UP
242;DN
242;UP
375B;DN
375B;UP
258QA;DN
258QA;UP
242VA;DN
242VA;UP
25G;DN
25G;UP
372MA;DN
372MA;UP
289A;DN
289A;UP
258KA;DN
258KA;UP
29;DN
29;UP
317W;DN
317W;UP
317Y;DN
317Y;UP
380Q;DN
380Q;UP
361;DN
361;UP
54E;DN
54E;UP
399;DN
399;UP
357;DN
357;UP
MBS-2;DN
MBS-2;UP
359A;DN
359A;UP
314P;DN
314P;UP
314;DN
314;UP
364A;DN
364A;UP
323;DN
323;UP
353;DN
353;UP
372E;DN
372E;UP
372B;DN
372B;UP
354;DN
354;UP
342B;DN
342B;UP
378A;DN
378A;UP
341C;DN
341C;UP
166;DN
166;UP
403A;DN
403A;UP
288H;DN
288H;UP
258VB;DN
258VB;UP
258VA;DN
258VA;UP
344A;DN
344A;UP
225DA;DN
225DA;UP
231F;DN
231F;UP
231E;DN
231E;UP
227M;DN
227M;UP
210E;DN
210E;UP
362;DN
362;UP
214C;DN
214C;UP
27;DN
27;UP
215X;DN
215X;UP
364G;DN
364G;UP
244H;DN
244H;UP
349;DN
349;UP
401L;DN
401L;UP
502A;DN
502A;UP
242V;DN
242V;UP
223F;DN
223F;UP
35;DN
35;UP
77;DN
77;UP
271B;DN
271B;UP
201M;DN
201M;UP
258R;DN
258R;UP
500A;DN
500A;UP
244K;DN
244K;UP
80F;DN
80F;UP
V-500W;DN
V-500W;UP
227N;DN
227N;UP
TR-4;DN
TR-4;UP
112A;DN
112A;UP
V-505;DN
V-505;UP
V-500DF;DN
V-500DF;UP
96G;DN
96G;UP
287P;DN
287P;UP
415F;DN
415F;UP
144G;DN
144G;UP
328HA;DN
328HA;UP
266E;DN
266E;UP
288;DN
288;UP
271A;DN
271A;UP
285H;DN
285H;UP
407;DN
407;UP
285;DN
285;UP
285CA;DN
285CA;UP
285J;DN
285J;UP
311;DN
311;UP
246;DN
246;UP
250S;DN
250S;UP
354B;DN
354B;UP
317C;DN
317C;UP
252E;DN
252E;UP
V-500CN;DN
V-500CN;UP
401Q;DN
401Q;UP
V-317A;DN
V-317A;UP
377B;DN
377B;UP
258T;DN
258T;UP
342A;DN
342A;UP
82AR;DN
82AR;UP
271K;DN
271K;UP
88E;DN
88E;UP
114C;DN
114C;UP
94C;DN
94C;UP
92E;DN
92E;UP
83D;DN
83D;UP
502HB;DN
502HB;UP
V-500KE;DN
V-500KE;UP
270HA;DN
270HA;UP
500DG;DN
500DG;UP
254A;DN
254A;UP
KBS-12HK;DN
KBS-12HK;UP
401E;DN
401E;UP
2;DN
2;UP
100;DN
100;UP
252H;DN
252H;UP
BC-3A;DN
BC-3A;UP
61A;DN
61A;UP
298ME;DN
298ME;UP
502E;DN
502E;UP
139;DN
139;UP
381J;DN
381J;UP
226;DN
226;UP
1;DN
1;UP
KIAS-5;DN
KIAS-5;UP
310;DN
310;UP
312;DN
312;UP
369H;DN
369H;UP
216;DN
216;UP
255N;DN
255N;UP
307;DN
307;UP
213P;DN
213P;UP
227ZA;DN
227ZA;UP
270E;DN
270E;UP
80B;DN
80B;UP
195;DN
195;UP
V-500DE;DN
V-500DE;UP
225;DN
225;UP
25A;DN
25A;UP
271G;DN
271G;UP
258M;DN
258M;UP
111;DN
111;UP
KIAS-7A;DN
KIAS-7A;UP
317S;DN
317S;UP
114A;DN
114A;UP
213FA;DN
213FA;UP
V-335EV;DN
V-335EV;UP
222M;DN
222M;UP
210;DN
210;UP
245;DN
245;UP
227R;DN
227R;UP
316;DN
316;UP
333;DN
333;UP
213DB;DN
213DB;UP
V-500KC;DN
V-500KC;UP
258TA;DN
258TA;UP
27E;DN
27E;UP
123;DN
123;UP
306MA;DN
306MA;UP
304B;DN
304B;UP
318;DN
318;UP
317Z;DN
317Z;UP
340J;DN
340J;UP
401BC;DN
401BC;UP
89B;DN
89B;UP
355A;DN
355A;UP
371A;DN
371A;UP
341E;DN
341E;UP
140E;DN
140E;UP
351;DN
351;UP
258A;DN
258A;UP
143;DN
143;UP
253A;DN
253A;UP
282;DN
282;UP
248M;DN
248M;UP
37;DN
37;UP
216B;DN
216B;UP
242ZC;DN
242ZC;UP
227G;DN
227G;UP
299;DN
299;UP
319;DN
319;UP
80E;DN
80E;UP
258SB;DN
258SB;UP
238C;DN
238C;UP
287N;DN
287N;UP
217D;DN
217D;UP
V-331A;DN
V-331A;UP
254D;DN
254D;UP
V-319CT;DN
V-319CT;UP
114;DN
114;UP
278K;DN
278K;UP
214DA;DN
214DA;UP
52;DN
52;UP
18;DN
18;UP
297A;DN
297A;UP
285MG;DN
285MG;UP
600KD;DN
600KD;UP
AS-6;DN
AS-6;UP
V-500E;DN
V-500E;UP
263;DN
263;UP
242W;DN
242W;UP
294A;DN
294A;UP
224;DN
224;UP
201L;DN
201L;UP
TR-6;DN
TR-6;UP
215HB;DN
215HB;UP
227BA;DN
227BA;UP
174;DN
174;UP
87C;DN
87C;UP
V-500DC;DN
V-500DC;UP
24F;DN
24F;UP
270;DN
270;UP
270S;DN
270S;UP
237C;DN
237C;UP
213C;DN
213C;UP
281F;DN
281F;UP
500QK;DN
500QK;UP
255E;DN
255E;UP
289H;DN
289H;UP
271T;DN
271T;UP
287H;DN
287H;UP
12F-3;DN
12F-3;UP
PHS-41;DN
PHS-41;UP
K-3;DN
K-3;UP
356CE;DN
356CE;UP
95;DN
95;UP
61J;DN
61J;UP
415B;DN
415B;UP
266K;DN
266K;UP
3F-5;DN
3F-5;UP
279;DN
279;UP
290Y;DN
290Y;UP
V-365V;DN
V-365V;UP
375E;DN
375E;UP
BTP-KBS;DN
BTP-KBS;UP
368C;DN
368C;UP
KIAS-4;DN
KIAS-4;UP
95C;DN
95C;UP
122;DN
122;UP
237J;DN
237J;UP
258YA;DN
258YA;UP
301G;DN
301G;UP
322;DN
322;UP
43M;DN
43M;UP
302;DN
302;UP
369B;DN
369B;UP
332;DN
332;UP
255J;DN
255J;UP
317J;DN
317J;UP
212;DN
212;UP
258P;DN
258P;UP
98C;DN
98C;UP
36F;DN
36F;UP
36;DN
36;UP
272E;DN
272E;UP
210G;DN
210G;UP
217;DN
217;UP
210FA;DN
210FA;UP
77A;DN
77A;UP
2D;DN
2D;UP
327;DN
327;UP
238W;DN
238W;UP
MBS-8;DN
MBS-8;UP
253F;DN
253F;UP
289C;DN
289C;UP
297;DN
297;UP
285Y;DN
285Y;UP
250CA;DN
250CA;UP
250W;DN
250W;UP
77C;DN
77C;UP
258VG;DN
258VG;UP
263E;DN
263E;UP
215R;DN
215R;UP
96H;DN
96H;UP
320;DN
320;UP
294;DN
294;UP
293C;DN
293C;UP
266F;DN
266F;UP
415E;DN
415E;UP
251E;DN
251E;UP
288E;DN
288E;UP
503;DN
503;UP
500J;DN
500J;UP
366F;DN
366F;UP
223J;DN
223J;UP
213DC;DN
213DC;UP
266D;DN
266D;UP
401Y;DN
401Y;UP
343E;DN
343E;UP
308;DN
308;UP
364F;DN
364F;UP
382;DN
382;UP
321;DN
321;UP
266N;DN
266N;UP
225G;DN
225G;UP
229D;DN
229D;UP
229;DN
229;UP
227Z;DN
227Z;UP
248L;DN
248L;UP
210R;DN
210R;UP
343L;DN
343L;UP
V-333T;DN
V-333T;UP
325;DN
325;UP
201R;DN
201R;UP
367;DN
367;UP
364B;DN
364B;UP
279K;DN
279K;UP
291M;DN
291M;UP
248F;DN
248F;UP
380B;DN
380B;UP
286D;DN
286D;UP
500AA;DN
500AA;UP
77F;DN
77F;UP
294B;DN
294B;UP
317MA;DN
317MA;UP
266T;DN
266T;UP
401MD;DN
401MD;UP
TR-10;DN
TR-10;UP
401RC;DN
401RC;UP
95B;DN
95B;UP
94D;DN
94D;UP
290T;DN
290T;UP
502J;DN
502J;UP
G-8;DN
G-8;UP
253;DN
253;UP
283;DN
283;UP
380;DN
380;UP
502D;DN
502D;UP
340K;DN
340K;UP
12F-1;DN
12F-1;UP
281;DN
281;UP
218A;DN
218A;UP
V-356;DN
V-356;UP
G-10;DN
G-10;UP
502HE;DN
502HE;UP
248PS;DN
248PS;UP
290KA;DN
290KA;UP
241P;DN
241P;UP
282B;DN
282B;UP
271F;DN
271F;UP
KDG-BTP;DN
KDG-BTP;UP
210U;DN
210U;UP
295B;DN
295B;UP
V-502G;DN
V-502G;UP
258VF;DN
258VF;UP
342;DN
342;UP
352B;DN
352B;UP
DRP-ODC;DN
DRP-ODC;UP
BEL-HNMS;DN
BEL-HNMS;UP
176G;DN
176G;UP
253R;DN
253R;UP
266A;DN
266A;UP
V-500KM;DN
V-500KM;UP
323N;DN
323N;UP
324;DN
324;UP
317B;DN
317B;UP
368;DN
368;UP
372;DN
372;UP
231;DN
231;UP
243G;DN
243G;UP
242ZD;DN
242ZD;UP
241H;DN
241H;UP
129;DN
129;UP
415G;DN
415G;UP
12F;DN
12F;UP
HBL-MEBP;DN
HBL-MEBP;UP
344D;DN
344D;UP
227UB;DN
227UB;UP
61F;DN
61F;UP
291A;DN
291A;UP
360B;DN
360B;UP
263C;DN
263C;UP
V-333W;DN
V-333W;UP
366P;DN
366P;UP
269;DN
269;UP
65B;DN
65B;UP
G-11;DN
G-11;UP
500DK;DN
500DK;UP
240N;DN
240N;UP
373M;DN
373M;UP
304;DN
304;UP
ITPL-BTP;DN
ITPL-BTP;UP
V-356M;DN
V-356M;UP
215MB;DN
215MB;UP
380P;DN
380P;UP
197;DN
197;UP
359;DN
359;UP
126A;DN
126A;UP
214D;DN
214D;UP
210H;DN
210H;UP
253HC;DN
253HC;UP
412;DN
412;UP
255A;DN
255A;UP
283E;DN
283E;UP
289Z;DN
289Z;UP
342Q;DN
342Q;UP
235B;DN
235B;UP
311E;DN
311E;UP
34C;DN
34C;UP
338;DN
338;UP
V-600K;DN
V-600K;UP
343H;DN
343H;UP
369F;DN
369F;UP
215M;DN
215M;UP
BC-4A;DN
BC-4A;UP
342AA;DN
342AA;UP
258AB;DN
258AB;UP
502M;DN
502M;UP
287A;DN
287A;UP
381;DN
381;UP
242FA;DN
242FA;UP
224A;DN
224A;UP
254B;DN
254B;UP
246A;DN
246A;UP
225CB;DN
225CB;UP
V-285M;DN
V-285M;UP
242MA;DN
242MA;UP
340L;DN
340L;UP
88A;DN
88A;UP
87S;DN
87S;UP
89D;DN
89D;UP
356Z;DN
356Z;UP
84;DN
84;UP
V-411GT;DN
V-411GT;UP
CNP-KBS;DN
CNP-KBS;UP
MEBP-VPLO;DN
MEBP-VPLO;UP
298Y;DN
298Y;UP
412A;DN
412A;UP
215Z;DN
215Z;UP
227VA;DN
227VA;UP
227C;DN
227C;UP
230;DN
230;UP
501N;DN
501N;UP
381H;DN
381H;UP
252GA;DN
252GA;UP
288D;DN
288D;UP
254C;DN
254C;UP
MBS-24;DN
MBS-24;UP
258V;DN
258V;UP
273J;DN
273J;UP
276N;DN
276N;UP
344C;DN
344C;UP
374;DN
374;UP
356M;DN
356M;UP
243L;DN
243L;UP
V-500KR;DN
V-500KR;UP
215HA;DN
215HA;UP
43;DN
43;UP
258B;DN
258B;UP
213DA;DN
213DA;UP
V-258C;DN
V-258C;UP
317K;DN
317K;UP
222F;DN
222F;UP
382D;DN
382D;UP
252C;DN
252C;UP
317YE;DN
317YE;UP
286A;DN
286A;UP
87;DN
87;UP
89F;DN
89F;UP
401JC;DN
401JC;UP
411;DN
411;UP
235P;DN
235P;UP
282G;DN
282G;UP
221;DN
221;UP
342S;DN
342S;UP
20;DN
20;UP
362K;DN
362K;UP
360N;DN
360N;UP
V-500P;DN
V-500P;UP
256MA;DN
256MA;UP
60A;DN
60A;UP
182;DN
182;UP
410PS;DN
410PS;UP
247;DN
247;UP
401RD;DN
401RD;UP
317YA;DN
317YA;UP
242Z;DN
242Z;UP
V-600CF;DN
V-600CF;UP
401KA;DN
401KA;UP
289;DN
289;UP
317R;DN
317R;UP
201V;DN
201V;UP
298;DN
298;UP
226H;DN
226H;UP
341;DN
341;UP
250I;DN
250I;UP
309;DN
309;UP
BC-3B;DN
BC-3B;UP
168A;DN
168A;UP
56;DN
56;UP
400A;DN
400A;UP
364;DN
364;UP
369P;DN
369P;UP
140;DN
140;UP
342M;DN
342M;UP
34A;DN
34A;UP
210EA;DN
210EA;UP
234C;DN
234C;UP
MF-10;DN
MF-10;UP
284C;DN
284C;UP
45D;DN
45D;UP
252R;DN
252R;UP
300D;DN
300D;UP
356ZA;DN
356ZA;UP
235AA;DN
235AA;UP
59D;DN
59D;UP
290EA;DN
290EA;UP
119;DN
119;UP
366;DN
366;UP
60C;DN
60C;UP
75F;DN
75F;UP
306;DN
306;UP
240R;DN
240R;UP
79D;DN
79D;UP
127;DN
127;UP
333N;DN
333N;UP
284;DN
284;UP
343K;DN
343K;UP
59F;DN
59F;UP
226Y;DN
226Y;UP
LGR-PSS;DN
LGR-PSS;UP
258Q;DN
258Q;UP